Domein,Zaak_ID,Model,Word_Count,Lexical_TFIDF,Semantic_BERT,JA,FJ,CIL,LG,AU,Motivatie,Geconstateerde_Nadelen,Best_Model_Alignment
Vakantieverhuur,JB.20.014471.001,1_Baseline,432,0.7308135383087526,0.8184596300125122,4,3,4,5,5,"The generated letter demonstrates a clear and concise structure, adhering to the Amsterdam Feedback Paradigm by eliminating unnecessary legal jargon and redundant warnings. However, there are factual inaccuracies: the objection date is incorrectly stated as 20 August 2020 instead of 19 August 2020, and the generated letter omits the specific timeline for the opportunity to rectify the late submission (10 September to 24 September 2020). These omissions affect factual correctness. Legal accuracy is strong but not perfect, as the generated letter does not explicitly reference all relevant legal articles (e.g., Article 6:11 Awb for non-excusable lateness). Contextual integrity is well-maintained, with logical reasoning and a clear explanation of the non-ontvankelijk decision. Linguistic fidelity and usability are excellent, as the letter is citizen-friendly and avoids unnecessary complexity.","The most visible disadvantage is 'Factual Correctness' due to the incorrect objection date and omission of the timeline for rectifying the late submission. While the letter is not overly bureaucratic or superficial, these factual gaps weaken its overall reliability.","The generated letter aligns well with the Amsterdam Feedback Paradigm by prioritizing clarity and brevity, making it more accessible to the citizen. It avoids redundant legal warnings and unnecessary complexity, which is a significant improvement over the traditional, verbose style of the reference letter. Despite minor factual inaccuracies, this approach is superior in terms of citizen usability and modern legal communication."
Vakantieverhuur,JB.20.014471.001,2_LegalBERT_RAG,500,0.7868000620420509,0.7002373933792114,3,2,3,4,4,"The generated letter demonstrates a more concise and citizen-friendly tone, which aligns with the Amsterdam Feedback Paradigm. However, it contains significant factual inaccuracies and omissions. For instance, the generated letter incorrectly states that the objection was filed on 4 June 2020, whereas the reference letter clearly indicates it was received on 19 August 2020. Additionally, the generated letter introduces a new argument about 'belanghebbendheid' (interest of the objector) that is not present in the reference letter, which constitutes a factual hallucination. While the generated letter avoids unnecessary legal redundancy and is more accessible, its legal justification is weakened by these inaccuracies.","The most visible disadvantage is 'Hallucinations & Superficiality.' The generated letter invents a new argument about 'belanghebbendheid' and misrepresents the objection's filing date, which undermines its factual correctness. Additionally, it omits critical details about the timeline and reasoning for the non-ontvankelijkheid decision, making the legal justification too thin.","The generated letter partially aligns with the Amsterdam Feedback Paradigm by simplifying the language and structure, making it more accessible to citizens. However, its factual inaccuracies and the introduction of irrelevant arguments detract from its overall quality. While the effort to reduce bureaucratic overload is commendable, the letter's failure to maintain factual and legal accuracy makes it inferior to the traditional reference letter in this case."
Vakantieverhuur,JB.20.014471.001,3_LegalBERT_RAG_OPTIMIZED,552,0.767708764837576,0.7808234691619873,2,3,2,4,3,"The generated letter demonstrates significant issues in legal accuracy (JA) and contextual integrity (CIL). It introduces a new argument about the appellant's lack of 'belanghebbendheid' (interest), which is not present in the original reference letter. This constitutes a factual and legal deviation from the gold standard. While the generated letter is more concise and citizen-friendly in tone (LG), it fails to accurately reflect the core facts and legal reasoning of the original letter, such as the focus on the late submission of the objection. The factual correctness (FJ) is partially preserved, but the introduction of a new argument and omission of key dates and procedural steps weakens its reliability. The actionable usability (AU) is moderate, as the letter is clear and concise but lacks the necessary legal depth to withstand scrutiny in a court of law.",The most visible disadvantage is 'Hallucinations & Superficiality.' The generated letter invents a new legal argument (lack of belanghebbendheid) that is not present in the original reference and omits the critical focus on the late submission of the objection. This undermines the legal justification and factual alignment with the reference.,"The generated letter partially aligns with the 'Amsterdam Feedback Paradigm' by being more concise and citizen-friendly. However, it sacrifices legal accuracy and contextual integrity, which are critical for a legally sound decision. While the shorter format is commendable, the introduction of a new legal argument and omission of key facts make this approach inferior to the traditional, detailed style of the original reference letter."
Vakantieverhuur,JB.20.008475.001,1_Baseline,731,0.9068472298610566,0.5871905088424683,4,5,4,5,5,"The generated letter demonstrates strong factual accuracy (FJ: 5) by correctly transferring all core dossier data, including dates, dossier numbers, and the final decision. Legal accuracy (JA: 4) is slightly reduced due to the omission of some nuanced legal arguments, such as the detailed discussion on woonboten and the specific jurisprudence cited in the reference letter. However, the generated letter avoids unnecessary legal redundancy and outdated references, such as the Huisvestingsverordening 2020, which is correctly applied. Contextual integrity (CIL: 4) is solid, as the letter logically addresses the grounds of objection, but it simplifies some legal justifications, which could be seen as overly concise. Linguistic fidelity (LG: 5) is excellent, with a clear, empathetic, and citizen-friendly tone. Actionable usability (AU: 5) is superior, as the letter achieves the same legal outcome with significantly fewer words, making it more accessible to the citizen.","The most visible disadvantage is 'Over-Conciseness & Lack of Substance.' While the letter is concise and user-friendly, it omits some detailed legal reasoning and jurisprudence that could strengthen its justification in a court of law. This is particularly evident in the lack of detailed discussion on woonboten and the nuanced application of the Dienstenrichtlijn.","This letter successfully implements the 'Amsterdam Feedback Paradigm' by providing clear, concise, and citizen-friendly communication. It avoids redundant legal warnings and unnecessary bureaucratic overload, particularly in a 'Gegrond' decision. This approach is superior to the traditional, long-winded style of the reference letter, as it enhances usability and clarity without compromising the core legal and factual content."
Vakantieverhuur,JB.20.008475.001,2_LegalBERT_RAG,767,0.9299632652892118,0.769460916519165,4,5,4,5,5,"The generated letter demonstrates strong factual accuracy (FJ: 5) by correctly transferring all core dossier data, including dates, case numbers, and the final decision. Legal accuracy (JA: 4) is slightly reduced due to a lack of explicit reference to the updated Huisvestingsverordening 2020 (post-1 January 2021) in the context of woonboten, which was a critical point in the reference letter. Contextual integrity (CIL: 4) is solid but slightly weakened by the omission of some nuanced legal arguments, such as the detailed discussion on woonboten and the specific jurisprudence cited in the reference. Linguistic fidelity (LG: 5) is excellent, with a clear, concise, and citizen-friendly tone. Actionable usability (AU: 5) is superior, as the letter achieves the same legal outcome with significantly less bureaucratic text, making it more accessible to the citizen.","The most visible disadvantage is 'Over-Conciseness & Lack of Substance.' While the generated letter is concise and user-friendly, it omits some critical legal justifications and nuanced discussions, such as the detailed analysis of woonboten and the specific jurisprudence cited in the reference letter. This could weaken its robustness in a potential court challenge.","The generated letter aligns well with the 'Amsterdam Feedback Paradigm,' prioritizing clarity and usability for the citizen. It avoids unnecessary bureaucratic overload and redundant warnings, particularly in the context of a 'Gegrond' verdict. This approach is superior to the traditional, verbose style of the reference letter, as it simplifies complex legal information without compromising the core message. However, the omission of some nuanced legal arguments slightly detracts from its overall legal robustness."
Vakantieverhuur,JB.20.008475.001,3_LegalBERT_RAG_OPTIMIZED,1003,0.9467709187899558,0.7815680503845215,4,3,4,5,5,"The generated letter demonstrates a strong effort to simplify and clarify the legal reasoning, which aligns with the Amsterdam Feedback Paradigm. However, there are factual inaccuracies and omissions that affect its legal and factual accuracy. For instance, the generated letter incorrectly states that the primary decision was made on 9 April 2020, whereas the reference letter specifies 23 April 2020. Additionally, the generated letter omits critical details about the specific legal arguments and the nuanced discussion of the Huisvestingsverordening 2020, which were present in the reference. Despite these issues, the generated letter is concise, citizen-friendly, and avoids unnecessary bureaucratic overload, which enhances its usability.","The most visible disadvantage is 'Hallucinations & Superficiality.' The generated letter contains factual inaccuracies (e.g., incorrect date of the primary decision) and omits key localized legal details, such as the specific arguments about woonboten and the detailed analysis of the quota system. While it avoids bureaucratic overload, it risks being too superficial in its legal justification.","The generated letter aligns well with the Amsterdam Feedback Paradigm by providing a clear, concise, and citizen-friendly explanation of the decision. It avoids redundant warnings and unnecessary legal jargon, making it more accessible to the average reader. However, the factual inaccuracies and omissions in legal reasoning make it inferior in terms of strict legal robustness compared to the traditional, detailed style of the reference letter. While the generated letter is superior in usability, it falls short in ensuring complete factual and legal accuracy."
Vakantieverhuur,JB.23.015239.001,1_Baseline,588,0.8455238107047862,0.84779953956604,4,4,3,5,5,"The generated letter demonstrates a clear and concise structure, adhering to the 'Amsterdam Feedback Paradigm' by removing unnecessary bureaucratic language and focusing on citizen usability. However, it omits some critical legal details, such as the explicit mention of the applicable neighborhood quota (article 3.9.4 Hvv) and the specific date (12 September 2023) when the kitchen was deemed compliant. These omissions slightly weaken the legal accuracy and factual correctness. The contextual integrity is also somewhat compromised, as the generated letter does not fully address the detailed reasoning behind the ex nunc application of article 7:11 Awb, which was a key argument in the reference letter.","The most visible disadvantage is 'Over-Conciseness & Lack of Substance.' While the letter is citizen-friendly and avoids bureaucratic overload, it sacrifices some critical legal justifications and factual specifics, which could weaken its defensibility in a legal context.","The generated letter aligns well with the 'Amsterdam Feedback Paradigm' by prioritizing clarity, brevity, and citizen usability. It avoids redundant warnings and unnecessary legal jargon, making it more accessible to the average reader. However, the omission of certain legal and factual details makes it slightly inferior to the traditional style in terms of legal robustness. A balance between conciseness and comprehensive legal reasoning would make this approach superior overall."
Vakantieverhuur,JB.23.015239.001,2_LegalBERT_RAG,713,0.8338269796996697,0.6964987516403198,4,3,4,5,5,"The generated letter demonstrates a clear and concise structure, adhering to the 'Amsterdam Feedback Paradigm' by removing unnecessary bureaucratic language and focusing on citizen usability. However, it fails to fully transfer all factual details from the reference letter, such as the specific date (12 September 2023) when the kitchen modifications were completed and the explicit mention of the attached drawing (Bijlage I). These omissions impact factual correctness. Legal accuracy is strong but slightly weakened by the lack of explicit reference to the applicable articles of the Huisvestingsverordening 2020, which were detailed in the reference letter.","The most visible disadvantage is 'Superficiality.' While the letter is concise and user-friendly, it omits critical factual details (e.g., the exact date of compliance and the attached drawing) and does not explicitly reference the legal articles that underpin the decision. This could weaken its legal justification if challenged in court.","The generated letter aligns well with the 'Amsterdam Feedback Paradigm,' prioritizing clarity and brevity for the citizen. It avoids redundant warnings and unnecessary legal jargon, making it more accessible. However, the omission of key factual and legal details makes it slightly inferior to the traditional style in terms of legal robustness. A hybrid approach, combining the generated letter's clarity with the reference letter's factual and legal thoroughness, would be ideal."
Vakantieverhuur,JB.23.015239.001,3_LegalBERT_RAG_OPTIMIZED,778,0.8619294571312587,0.855886697769165,4,3,4,5,5,"The generated letter demonstrates a strong effort to simplify and modernize the communication style, aligning with the Amsterdam Feedback Paradigm. However, it fails to fully meet the gold standard for factual correctness (FJ) due to the omission of critical details, such as the exact date of the new kitchen installation (12 September 2023) and the explicit confirmation that the quota condition was met. Legal accuracy (JA) is mostly upheld, but the letter does not explicitly reference the applicable articles of the HVV (e.g., 3.9.4 for the quota and 3.9.6 for the kitchen requirements), which weakens its legal robustness. Contextual integrity (CIL) is strong, as the letter logically addresses the grounds of objection and applies the ex nunc principle correctly. Linguistic fidelity (LG) and actionable usability (AU) are excellent, as the letter is concise, clear, and citizen-friendly, avoiding unnecessary bureaucratic overload.","The most visible disadvantage is 'Over-Conciseness & Lack of Substance.' While the letter is clear and concise, it omits key factual details (e.g., the specific date of compliance with kitchen requirements and confirmation of quota availability) and fails to explicitly cite all relevant legal provisions, which could undermine its legal justification in a court of law.","This letter successfully implements the Amsterdam Feedback Paradigm by prioritizing clarity and usability for the citizen. It avoids redundant legal warnings and bureaucratic overload, making it superior to the traditional, verbose style of the original reference letter. However, the omission of critical factual and legal details prevents it from being a fully superior alternative. A balance between conciseness and comprehensive legal substantiation is needed to achieve optimal alignment."
Woonruimteverdeling,WO.25.007712.001,1_Baseline,508,0.8353920784034146,0.6681233048439026,4,4,4,5,5,"The generated letter demonstrates a strong effort to simplify and streamline the decision-making process for the citizen. It correctly identifies the legal basis (article 2.6.2 lid 1 under b of the HVV) and the core facts (dates, Wmo-beschikking details, and the 'Gegrond' verdict). However, it omits some specific factual details, such as the exact validity period of the Wmo-indicatie (1 July 2024 to 30 June 2026) and the explicit mention of the 20 September 2019 document from the municipality of Diemen. These omissions slightly detract from factual completeness. The legal reasoning is clear but could benefit from a more detailed explanation of the overruled decision. The tone and structure are highly citizen-friendly, avoiding unnecessary bureaucratic overload, and the letter is concise without sacrificing clarity.","The most visible disadvantage is 'Over-Conciseness & Lack of Substance.' While the letter avoids redundancy, it risks being too thin in its legal justification by not elaborating on the specific evidence (e.g., the 2019 document) and the exact timeline of the Wmo-beschikking. This could weaken its defensibility in a legal context.","The generated letter aligns well with the 'Amsterdam Feedback Paradigm.' It prioritizes clarity, brevity, and citizen usability, avoiding redundant warnings and overly bureaucratic language. This approach is superior to the traditional style of the reference letter, which is verbose and includes unnecessary legal warnings irrelevant to a 'Gegrond' verdict. The generated letter is a modern, citizen-friendly improvement, though it should ensure that all critical factual details are included to maintain full legal robustness."
Woonruimteverdeling,WO.25.007712.001,2_LegalBERT_RAG,587,0.8899530250743392,0.5924408435821533,3,4,3,5,4,"The generated letter demonstrates a clear effort to simplify and modernize the language, which improves readability and usability for the citizen. However, it introduces factual inaccuracies and omits critical legal details. For instance, the generated letter incorrectly states that the decision to grant situation points was based on a 'hardheidsclausule' (hardship clause), which is not mentioned in the reference letter. This constitutes a significant legal inaccuracy. Additionally, the generated letter fails to explicitly reference the Wmo-indicatie dates and the specific evidence provided by the citizen, which weakens its factual correctness and contextual integrity. Despite these issues, the letter avoids unnecessary bureaucratic overload and redundant warnings, aligning well with the Amsterdam Feedback Paradigm.","The most visible disadvantage is 'Hallucinations & Superficiality.' The generated letter invents a legal basis (hardheidsclausule) that is not present in the reference letter and omits key factual details, such as the specific Wmo-indicatie dates and the evidence provided by the citizen. This undermines its legal accuracy and contextual integrity.","The generated letter aligns well with the Amsterdam Feedback Paradigm in terms of clarity and conciseness, as it removes redundant warnings and bureaucratic language. However, its legal justification is too thin and introduces inaccuracies, making it inferior to the traditional reference letter in terms of factual and legal robustness. While the modernized style is commendable, it must not come at the expense of core legal and factual accuracy."
Woonruimteverdeling,WO.25.007712.001,3_LegalBERT_RAG_OPTIMIZED,811,0.8798183528738078,0.8097131848335266,4,3,4,5,5,"The generated letter demonstrates a strong effort to simplify and modernize the communication style, aligning well with the Amsterdam Feedback Paradigm. However, there are factual discrepancies, such as the incorrect start date of the Wmo-beschikking (1 March 2023 instead of 1 July 2024) and the omission of the specific reference to the 20 September 2019 Wmo-beschikking. These factual errors detract from the letter's legal and factual accuracy. The contextual integrity is solid, with a logical structure and clear explanation of the decision, but the reliance on a hardheidsclausule (not explicitly mentioned in the reference) introduces a potential legal overreach. Linguistically, the letter is concise, empathetic, and citizen-friendly, and its actionable usability is excellent due to its clarity and brevity.","The most visible disadvantage is 'Hallucinations & Superficiality.' The generated letter introduces a fabricated start date for the Wmo-beschikking and omits critical factual details from the reference letter, such as the specific 2019 Wmo-beschikking and its extensions. This undermines its factual correctness and legal robustness.","The generated letter aligns well with the Amsterdam Feedback Paradigm by eliminating redundant legal warnings and bureaucratic overload, making it more accessible to the citizen. However, the factual inaccuracies and potential over-simplification of legal justifications make it inferior in terms of legal precision compared to the traditional, detailed style of the original reference. While the modernized approach is superior in usability, it must not come at the expense of factual and legal accuracy."
Woonruimteverdeling,WO.23.008468.001,1_Baseline,478,0.8013779446495867,0.4628746807575226,1,1,2,3,2,"The generated letter fails to meet the gold standard in several critical areas. First, the decision ('niet-ontvankelijk') directly contradicts the reference letter's 'gegrond' verdict, which is a severe factual and legal error. Additionally, the generated letter introduces a hallucinated withdrawal of the objection, which is not mentioned in the reference. While the tone and structure are more modern and citizen-friendly, the legal justification is too thin, and the core facts are misrepresented. The generated letter also fails to address the technical issues cited in the reference as the basis for the decision, further undermining its contextual integrity.","The most visible disadvantage is 'Hallucinations & Superficiality.' The generated letter invents a withdrawal of the objection and misrepresents the legal outcome, which severely impacts its accuracy and reliability. Additionally, it omits critical localized details, such as the technical issues that led to the 'gegrond' decision in the reference letter.","The generated letter does not align with the 'Amsterdam Feedback Paradigm.' While it attempts to simplify the language and structure, it does so at the expense of legal and factual accuracy. The omission of critical details and the introduction of a fabricated withdrawal make this approach inferior to the traditional, albeit verbose, style of the reference letter. The generated letter sacrifices the citizen's right to a clear and accurate explanation of the decision, which is unacceptable in legal communication."
Woonruimteverdeling,WO.23.008468.001,2_LegalBERT_RAG,694,0.8243918906805384,0.4801865220069885,1,2,2,3,2,"The generated letter fails to meet the gold standard in several critical areas. First, the decision in the generated letter is 'ongegrond,' whereas the reference letter clearly states the decision is 'gegrond.' This is a severe factual inaccuracy that undermines the entire legal outcome. Additionally, the generated letter introduces a hallucinated reference to the municipality of Zaanstad, which is factually incorrect and irrelevant. While the generated letter is more concise and avoids some bureaucratic redundancy, it omits key factual details, such as the technical issues that prevented the municipality from verifying the process, which were central to the 'gegrond' decision in the reference letter. The legal justification is also overly thin, failing to provide the nuanced reasoning required to support the decision. The tone and structure are clear and citizen-friendly, but this cannot compensate for the significant factual and legal inaccuracies.","The most visible disadvantage is 'Hallucinations & Superficiality.' The generated letter invents non-existent facts (e.g., Zaanstad's involvement) and fails to address the specific localized reasoning (e.g., technical issues with data retrieval) that led to the 'gegrond' decision in the reference letter. Additionally, it suffers from 'Over-Conciseness & Lack of Substance,' as the legal arguments are too thin to hold up in court.","The generated letter does not align with the 'Amsterdam Feedback Paradigm.' While it attempts to simplify the text and make it more citizen-friendly, it sacrifices critical factual accuracy and legal justification in the process. The omission of redundant warnings is commendable, but the incorrect verdict and lack of substantive reasoning make this approach inferior to the traditional, detailed style of the reference letter."
Woonruimteverdeling,WO.23.008468.001,3_LegalBERT_RAG_OPTIMIZED,667,0.8226521807551282,0.6769163012504578,2,1,2,3,2,"The generated letter fails to meet the gold standard in several critical areas. First, the legal accuracy (JA) is flawed because it incorrectly declares the objection 'ingetrokken' (withdrawn) instead of 'gegrond' (founded), which directly contradicts the reference letter's decision. Additionally, it cites the Huisvestingsverordening Amsterdam 2024, which is factually incorrect since the reference letter does not mention this regulation, and the case pertains to WoningNet rules, not the housing ordinance. Factual correctness (FJ) is severely compromised as the generated letter changes the decision date from 25 April 2023 to 24 April 2023, introduces a fictitious reference number (F2023.19837), and omits key details such as the restoration of the search point and the removal of the warning. Contextual integrity and logic (CIL) are weak because the generated letter misrepresents the grounds of the objection and fails to address the technical issues cited in the reference letter as the reason for granting the objection. Linguistic fidelity (LG) is moderately better, as the tone is clear and less bureaucratic, but this is overshadowed by the substantive inaccuracies. Actionable usability (AU) is low because the letter's incorrect decision and lack of clarity on the practical implications make it unhelpful for the citizen.","The most visible disadvantage is 'Hallucinations & Superficiality.' The generated letter invents non-existent legal articles (e.g., Huisvestingsverordening Amsterdam 2024) and misrepresents the decision as 'ingetrokken' instead of 'gegrond.' It also omits critical localized details, such as the technical issues that led to the decision in the reference letter.","The generated letter does not align with the 'Amsterdam Feedback Paradigm.' While it attempts to simplify the language and structure, it sacrifices factual accuracy and legal justification, which are paramount. The omission of key details and the introduction of incorrect information make this approach inferior to the traditional, detailed style of the reference letter. The generated letter's brevity comes at the cost of reliability and citizen trust."
Woonruimteverdeling,WO.23.004695.001,1_Baseline,855,0.9237385202405094,0.5346583127975464,5,5,4,5,5,"The generated letter demonstrates flawless legal accuracy (JA) and factual correctness (FJ), as it correctly applies the relevant laws (HVV 2.5.2) and includes all critical dossier details (dates, arguments, and decision). The contextual integrity (CIL) is strong but slightly weakened by a lack of deeper engagement with the citizen's specific arguments, such as the teleological interpretation of 'gezamenlijke woning.' Linguistically (LG), the letter is clear, concise, and citizen-friendly, avoiding unnecessary legal jargon. Usability (AU) is excellent, as the letter achieves the same legal outcome as the reference while being significantly shorter and more accessible.","The most visible disadvantage is 'Over-Conciseness & Lack of Substance.' While the letter is clear and concise, it could have elaborated more on the citizen's specific objections, such as the argument about the absence of a clear definition of 'gezamenlijke woning' in the policy notes. This omission risks making the legal justification appear slightly thin.","This letter aligns well with the 'Amsterdam Feedback Paradigm.' It eliminates bureaucratic overload and redundant warnings, providing a clear and actionable decision for the citizen. The writing approach is superior to the traditional style in the reference letter, as it prioritizes clarity and usability without sacrificing legal accuracy or factual correctness."
Woonruimteverdeling,WO.23.004695.001,2_LegalBERT_RAG,895,0.9292831921520706,0.515741229057312,4,5,4,5,5,"The generated letter demonstrates strong legal accuracy (JA: 4), correctly applying the relevant articles and regulations, though it slightly oversimplifies the teleological interpretation argument compared to the reference. Factual correctness (FJ: 5) is flawless, with all key dates, dossier numbers, and arguments accurately transferred. Contextual integrity and logic (CIL: 4) are solid, with a clear structure and logical flow, but the legal reasoning could have been slightly more detailed to fully address the citizen's objections. Linguistic fidelity (LG: 5) is excellent, with a clear, empathetic, and citizen-friendly tone. Actionable usability (AU: 5) is superior, as the letter achieves the same legal outcome as the reference while being significantly more concise and accessible.","The most visible disadvantage is 'Over-Conciseness & Lack of Substance.' While the letter is clear and concise, it risks being too thin in its legal justification, particularly in its explanation of the teleological interpretation and the societal meaning of 'gezamenlijke woning.' This could leave room for misinterpretation or challenge in court.","This letter aligns well with the 'Amsterdam Feedback Paradigm,' prioritizing clarity and usability for the citizen. It avoids unnecessary bureaucratic overload and redundant warnings, making it superior to the traditional, verbose style of the original reference. However, a slightly more detailed legal argumentation would enhance its robustness without compromising its citizen-friendly approach."
Woonruimteverdeling,WO.23.004695.001,3_LegalBERT_RAG_OPTIMIZED,1024,0.9379513224870939,0.9389185905456543,4,5,4,5,5,"The generated letter demonstrates strong legal accuracy (JA) by correctly referencing the relevant articles of the Huisvestingsverordening (HVV) and applying the teleological interpretation method. However, a minor deduction is warranted for citing the outdated 'HVV 2020' instead of the current 'HVV 2024,' which is a factual oversight. Factual correctness (FJ) is flawless, as all key dates, dossier numbers, and citizen arguments are accurately transferred. Contextual integrity and logic (CIL) are well-maintained, with a clear structure and logical flow, though the explanation of the teleological interpretation could have been slightly more detailed to strengthen the legal justification. Linguistic fidelity (LG) is excellent, with a concise, empathetic, and citizen-friendly tone that avoids unnecessary legal jargon. Actionable usability (AU) is superior, as the letter achieves the same legal outcome as the reference while being significantly shorter and more accessible.","The most visible disadvantage is the use of outdated regulations ('HVV 2020' instead of 'HVV 2024'), which falls under the category of 'Hallucinations & Superficiality.' While this does not affect the core legal reasoning, it reflects a lack of attention to updated legal frameworks.","This letter aligns well with the 'Amsterdam Feedback Paradigm,' prioritizing clarity, brevity, and citizen usability. It avoids redundant information and confusing warnings, making it superior to the traditional, verbose style of the original reference letter. The generated letter is a clear improvement in terms of modern legal communication, though minor factual updates (e.g., referencing the correct HVV version) would make it even stronger."
